Business_Type,Count,Avg_PD,Avg_ODScore,Avg_CashRatio,Avg_Profit,Avg_ProfitMargin,Avg_CreditScore,Interest_Reduction_Count,Interest_Reduction_Pct,Risk_Rank,Cluster_Stable,Cluster_Growing,Cluster_Liquidity Stressed,Cluster_High Risk
Hospital,12216,0.022725807114323072,11.855656499045573,12.115374457375658,195256.3989243615,0.05677466258168016,674.1236083824492,104,0.85,1,306,1872,4953,5085
Grocery Wholesale,12659,0.029571826248589932,14.111230928270686,14.377292201689988,188931.28156094477,0.05495415502434899,673.9966032072043,281,2.22,2,679,2017,5029,4934
Farmer Mandi,12611,0.03017872046744703,12.58888542667954,12.89907257234831,193204.51765284274,0.05498121838484489,674.4491317104115,281,2.23,3,667,2010,4932,5002
Dairy Supply,12387,0.04617137416760207,14.870214755801898,15.524156592591748,193749.5350544926,0.05581194065556304,673.343343828207,747,6.03,4,1544,1924,4476,4443
Cold Storage,12463,0.048865651203902606,16.825531834489222,17.44796804207018,198434.7144411458,0.05560830893358177,674.8504372943914,745,5.98,5,1564,2000,4486,4413
Gas Agency,12544,0.06781595727226206,18.998134563822997,19.4988515675284,199827.65417091837,0.056390820926460555,673.7861926020408,1417,11.3,6,2535,1996,3941,4072
Petrol Pump,12629,0.07335931090083832,14.576992198271723,15.03778507414915,193266.41875762132,0.055076783430437606,674.1964526090743,1422,11.26,7,2613,1984,4050,3982
Transport Logistics,12491,0.07364513221487756,15.964353529086171,16.4463620113153,187660.3911168041,0.05426843637082248,674.1624369546073,1420,11.37,8,2602,1933,3931,4025
